id,pred
2017_1181_1437,0.335647090748
2017_1124_1437,0.237877736212
2017_1196_1437,0.255098255236
2017_1437_1438,0.775330329762
2017_1374_1437,0.203955327087
2017_1376_1437,0.144385351343
2017_1437_1458,0.84644689603
2017_1437_1439,0.916370494681
2017_1266_1437,0.124288781578
2017_1344_1437,0.0718728533571
2017_1425_1437,0.148277543111
2017_1423_1437,0.150191213956
2017_1190_1437,0.105918383929
2017_1308_1437,0.0902702304565
2017_1407_1437,0.0879712782237
2017_1291_1437,0.0556263723439
2017_1309_1437,0.0706449282481
2017_1211_1437,0.433561346377
2017_1112_1437,0.293303860339
2017_1199_1437,0.327556367108
2017_1437_1452,0.723676056289
2017_1323_1437,0.243934221215
2017_1268_1437,0.114168272268
2017_1388_1437,0.187061770512
2017_1321_1437,0.151917377641
2017_1435_1437,0.0748880372846
2017_1433_1437,0.137299617065
2017_1437_1462,0.889796764441
2017_1343_1437,0.0846770292977
2017_1137_1437,0.0770079513189
2017_1195_1437,0.110384907739
2017_1315_1437,0.0778888241256
2017_1355_1437,0.0627300830695
2017_1242_1437,0.324599788794
2017_1257_1437,0.37896439742
2017_1332_1437,0.284581864501
2017_1345_1437,0.14095848716
2017_1235_1437,0.193188362126
2017_1166_1437,0.12506454532
2017_1276_1437,0.182987192738
2017_1274_1437,0.139926272566
2017_1277_1437,0.0804262627118
2017_1329_1437,0.182843864773
2017_1348_1437,0.164711052778
2017_1305_1437,0.0988404268065
2017_1436_1437,0.10541867676
2017_1233_1437,0.0818270721186
2017_1240_1437,0.0634537203922
2017_1300_1437,0.0786025762168
2017_1413_1437,0.0562774034767
2017_1314_1437,0.470494390416
2017_1246_1437,0.320523381961
2017_1417_1437,0.293277832184
2017_1139_1437,0.233260914098
2017_1278_1437,0.204464538616
2017_1153_1437,0.272063904197
2017_1173_1437,0.112703737117
2017_1116_1437,0.20392247433
2017_1371_1437,0.131290958824
2017_1437_1455,0.836984082276
2017_1243_1437,0.0875198958496
2017_1437_1448,0.8611466019
2017_1292_1437,0.120303171078
2017_1437_1457,0.903171294065
2017_1245_1437,0.143415501864
2017_1297_1437,0.0639505147253
2017_1411_1437,0.110373196936
2017_1124_1181,0.331826561339
2017_1181_1196,0.653576077936
2017_1181_1438,0.597416606787
2017_1181_1374,0.680589510107
2017_1181_1376,0.822085317449
2017_1181_1458,0.768044060365
2017_1181_1439,0.878135777717
2017_1181_1266,0.825874690035
2017_1181_1344,0.883395936024
2017_1181_1425,0.810358990184
2017_1181_1423,0.808211614014
2017_1181_1190,0.875474701529
2017_1181_1308,0.895571919811
2017_1181_1407,0.894266592541
2017_1181_1291,0.921326349295
2017_1181_1309,0.896277401721
2017_1181_1211,0.373600455223
2017_1112_1181,0.456988206788
2017_1181_1199,0.539829348393
2017_1181_1452,0.608167859388
2017_1181_1323,0.597207226213
2017_1181_1268,0.840706447572
2017_1181_1388,0.680807060844
2017_1181_1321,0.80326448813
2017_1181_1435,0.89856590721
2017_1181_1433,0.826615342968
2017_1181_1462,0.870287613207
2017_1181_1343,0.844224441341
2017_1137_1181,0.0933383088056
2017_1181_1195,0.865071177505
2017_1181_1315,0.907692097608
2017_1181_1355,0.920180700519
2017_1181_1242,0.563948102092
2017_1181_1257,0.48929028143
2017_1181_1332,0.607276492448
2017_1181_1345,0.77234548738
2017_1181_1235,0.709778441752
2017_1166_1181,0.209784619158
2017_1181_1276,0.648481963469
2017_1181_1274,0.780231784442
2017_1181_1277,0.900922230689
2017_1181_1329,0.778676577426
2017_1181_1348,0.817675568464
2017_1181_1305,0.875545340269
2017_1181_1436,0.831202853295
2017_1181_1233,0.898128570534
2017_1181_1240,0.913832014944
2017_1181_1300,0.899404936184
2017_1181_1413,0.928978805013
2017_1181_1314,0.43340332808
2017_1181_1246,0.573083850585
2017_1181_1417,0.58993594636
2017_1139_1181,0.384064766881
2017_1181_1278,0.771240589415
2017_1153_1181,0.373132352391
2017_1173_1181,0.164408956806
2017_1116_1181,0.261589338871
2017_1181_1371,0.850402366903
2017_1181_1455,0.800572656301
2017_1181_1243,0.864689679758
2017_1181_1448,0.840975761489
2017_1181_1292,0.80901965161
2017_1181_1457,0.900999770538
2017_1181_1245,0.854478776042
2017_1181_1297,0.918379480159
2017_1181_1411,0.858145567228
2017_1124_1196,0.486510961809
2017_1124_1438,0.465085740858
2017_1124_1374,0.548294665376
2017_1124_1376,0.719085268502
2017_1124_1458,0.640511724171
2017_1124_1439,0.842318193301
2017_1124_1266,0.746931037089
2017_1124_1344,0.84404324561
2017_1124_1425,0.705531655314
2017_1124_1423,0.693008991887
2017_1124_1190,0.810160319663
2017_1124_1308,0.841420241252
2017_1124_1407,0.832954764228
2017_1124_1291,0.896063888749
2017_1124_1309,0.850643101999
2017_1124_1211,0.244284040289
2017_1112_1124,0.635501271439
2017_1124_1199,0.369961364647
2017_1124_1452,0.446417845816
2017_1124_1323,0.44600451986
2017_1124_1268,0.760224820791
2017_1124_1388,0.573084549474
2017_1124_1321,0.691277193196
2017_1124_1435,0.861984235958
2017_1124_1433,0.724511508244
2017_1124_1462,0.796698796422
2017_1124_1343,0.790805120836
2017_1124_1137,0.852813433536
2017_1124_1195,0.783015332585
2017_1124_1315,0.867945688998
2017_1124_1355,0.890082890694
2017_1124_1242,0.385824389432
2017_1124_1257,0.323674895978
2017_1124_1332,0.444830187369
2017_1124_1345,0.685180769387
2017_1124_1235,0.577897236184
2017_1124_1166,0.729060341506
2017_1124_1276,0.547569852075
2017_1124_1274,0.666509671216
2017_1124_1277,0.868547963295
2017_1124_1329,0.645319820622
2017_1124_1348,0.702026799481
2017_1124_1305,0.819762596759
2017_1124_1436,0.754610727548
2017_1124_1233,0.854918903745
2017_1124_1240,0.885785043676
2017_1124_1300,0.852152479838
2017_1124_1413,0.905987096641
2017_1124_1314,0.265219754464
2017_1124_1246,0.397999776144
2017_1124_1417,0.474457968079
2017_1124_1139,0.465000571325
2017_1124_1278,0.638236220789
2017_1124_1153,0.464298320462
2017_1124_1173,0.763079285999
2017_1116_1124,0.424096578121
2017_1124_1371,0.753954395486
2017_1124_1455,0.69253880463
2017_1124_1243,0.812358440462
2017_1124_1448,0.74784145817
2017_1124_1292,0.717341773343
2017_1124_1457,0.850868311861
2017_1124_1245,0.756658122929
2017_1124_1297,0.888515812313
2017_1124_1411,0.7703348316
2017_1196_1438,0.482157105347
2017_1196_1374,0.545806042345
2017_1196_1376,0.752920450946
2017_1196_1458,0.643257934944
2017_1196_1439,0.817684393535
2017_1196_1266,0.733787852612
2017_1196_1344,0.824724198314
2017_1196_1425,0.717861637873
2017_1196_1423,0.715324491889
2017_1190_1196,0.161207926646
2017_1196_1308,0.863315137224
2017_1196_1407,0.862541470581
2017_1196_1291,0.901326424923
2017_1196_1309,0.860805911158
2017_1196_1211,0.258167967872
2017_1112_1196,0.606019491892
2017_1196_1199,0.377915532661
2017_1196_1452,0.44190541643
2017_1196_1323,0.444959475514
2017_1196_1268,0.762602572046
2017_1196_1388,0.573481633155
2017_1196_1321,0.710520251322
2017_1196_1435,0.860529872762
2017_1196_1433,0.748606458171
2017_1196_1462,0.810334104642
2017_1196_1343,0.758064049034
2017_1137_1196,0.149552545532
2017_1195_1196,0.201320881991
2017_1196_1315,0.87967913286
2017_1196_1355,0.89716361458
2017_1196_1242,0.412675484661
2017_1196_1257,0.326344484786
2017_1196_1332,0.455734778628
2017_1196_1345,0.654526144304
2017_1196_1235,0.567953547496
2017_1166_1196,0.339853646938
2017_1196_1276,0.535681407939
2017_1196_1274,0.669963551268
2017_1196_1277,0.861776716445
2017_1196_1329,0.676727814061
2017_1196_1348,0.748906865962
2017_1196_1305,0.824228846475
2017_1196_1436,0.745228167199
2017_1196_1233,0.860755330374
2017_1196_1240,0.884933869194
2017_1196_1300,0.866453958426
2017_1196_1413,0.916033092055
2017_1196_1314,0.293338221896
2017_1196_1246,0.428005573369
2017_1196_1417,0.465259426608
2017_1139_1196,0.528845486727
2017_1196_1278,0.672674421761
2017_1153_1196,0.506319006372
2017_1173_1196,0.270304774734
2017_1116_1196,0.383705374975
2017_1196_1371,0.784475601051
2017_1196_1455,0.703978741831
2017_1196_1243,0.794621880255
2017_1196_1448,0.774459360461
2017_1196_1292,0.702761958581
2017_1196_1457,0.876150874146
2017_1196_1245,0.818778200486
2017_1196_1297,0.894188007118
2017_1196_1411,0.816759698017
2017_1374_1438,0.419843423769
2017_1376_1438,0.286549801922
2017_1438_1458,0.659960198278
2017_1438_1439,0.841296303498
2017_1266_1438,0.240985631321
2017_1344_1438,0.145341862129
2017_1425_1438,0.298715839565
2017_1423_1438,0.291125685739
2017_1190_1438,0.198629777363
2017_1308_1438,0.16310746292
2017_1407_1438,0.16901752587
2017_1291_1438,0.0940801144097
2017_1309_1438,0.138488926995
2017_1211_1438,0.691990081006
2017_1112_1438,0.582993493758
2017_1199_1438,0.559099936642
2017_1438_1452,0.473288033564
2017_1323_1438,0.527019586522
2017_1268_1438,0.228106271066
2017_1388_1438,0.392159714336
2017_1321_1438,0.307300236778
2017_1435_1438,0.146172470379
2017_1433_1438,0.282386573586
2017_1438_1462,0.774180745559
2017_1343_1438,0.195381395893
2017_1137_1438,0.147672349501
2017_1195_1438,0.215571538762
2017_1315_1438,0.140978607828
2017_1355_1438,0.112992541897
2017_1242_1438,0.555317239809
2017_1257_1438,0.614381029695
2017_1332_1438,0.518560101439
2017_1345_1438,0.265673962368
2017_1235_1438,0.40581302924
2017_1166_1438,0.243865810034
2017_1276_1438,0.448536284137
2017_1274_1438,0.316345077452
2017_1277_1438,0.124466746212
2017_1329_1438,0.333105211377
2017_1348_1438,0.297744428186
2017_1305_1438,0.172193482275
2017_1436_1438,0.234277597011
2017_1233_1438,0.147095208089
2017_1240_1438,0.10753286465
2017_1300_1438,0.151474084925
2017_1413_1438,0.0883986760288
2017_1314_1438,0.688205753655
2017_1246_1438,0.518946056928
2017_1417_1438,0.437760259138
2017_1139_1438,0.514526246992
2017_1278_1438,0.361373314669
2017_1153_1438,0.530013433545
2017_1173_1438,0.238010493293
2017_1116_1438,0.393005601441
2017_1371_1438,0.255842672487
2017_1438_1455,0.684201884963
2017_1243_1438,0.181177098992
2017_1438_1448,0.726516779508
2017_1292_1438,0.278137302886
2017_1438_1457,0.810449014112
2017_1245_1438,0.258779595006
2017_1297_1438,0.110954461947
2017_1411_1438,0.233925119624
2017_1374_1376,0.649678184681
2017_1374_1458,0.583902999173
2017_1374_1439,0.827015344659
2017_1266_1374,0.321384894345
2017_1344_1374,0.197310781016
2017_1374_1425,0.647102124655
2017_1374_1423,0.650412794774
2017_1190_1374,0.243998817208
2017_1308_1374,0.187197978302
2017_1374_1407,0.768089858748
2017_1291_1374,0.129967554179
2017_1309_1374,0.174226776071
2017_1211_1374,0.782109951597
2017_1112_1374,0.66994234471
2017_1199_1374,0.632497400928
2017_1374_1452,0.416162312082
2017_1323_1374,0.630663596287
2017_1268_1374,0.293414403478
2017_1374_1388,0.556411526656
2017_1321_1374,0.367700133891
2017_1374_1435,0.821491157558
2017_1374_1433,0.650325165086
2017_1374_1462,0.727698475267
2017_1343_1374,0.262288173101
2017_1137_1374,0.190419881857
2017_1195_1374,0.262994418639
2017_1315_1374,0.17644873404
2017_1355_1374,0.14461910855
2017_1242_1374,0.649305931069
2017_1257_1374,0.671362435741
2017_1332_1374,0.622412888089
2017_1345_1374,0.3509378956
2017_1235_1374,0.509708062814
2017_1166_1374,0.340536632439
2017_1276_1374,0.549554305846
2017_1274_1374,0.387212299186
2017_1277_1374,0.150177613446
2017_1329_1374,0.388124845256
2017_1348_1374,0.328369648105
2017_1305_1374,0.192895789633
2017_1374_1436,0.70067379754
2017_1233_1374,0.177377292361
2017_1240_1374,0.134101769467
2017_1300_1374,0.177603990728
2017_1374_1413,0.868005474718
2017_1314_1374,0.752467578734
2017_1246_1374,0.590624757051
2017_1374_1417,0.442036940018
2017_1139_1374,0.603038898492
2017_1278_1374,0.419446352943
2017_1153_1374,0.595294970039
2017_1173_1374,0.312963902056
2017_1116_1374,0.453979916674
2017_1371_1374,0.299298765002
2017_1374_1455,0.642268202616
2017_1243_1374,0.240979823294
2017_1374_1448,0.693688989552
2017_1292_1374,0.349044261068
2017_1374_1457,0.797848623099
2017_1245_1374,0.278789169364
2017_1297_1374,0.130204090026
2017_1374_1411,0.696793955273
2017_1376_1458,0.376075307771
2017_1376_1439,0.652776516544
2017_1266_1376,0.525712301335
2017_1344_1376,0.377651437785
2017_1376_1425,0.456164151021
2017_1376_1423,0.453875765138
2017_1190_1376,0.381282272061
2017_1308_1376,0.317840557175
2017_1376_1407,0.704726421174
2017_1291_1376,0.200701740484
2017_1309_1376,0.284674768967
2017_1211_1376,0.842201938578
2017_1112_1376,0.78474677511
2017_1199_1376,0.808455195396
2017_1376_1452,0.21227143093
2017_1323_1376,0.727552811034
2017_1268_1376,0.509539175517
2017_1376_1388,0.376780302362
2017_1321_1376,0.575332989528
2017_1376_1435,0.709964000617
2017_1376_1433,0.488808964245
2017_1376_1462,0.587703352257
2017_1343_1376,0.468454401285
2017_1137_1376,0.355167668096
2017_1195_1376,0.448081260639
2017_1315_1376,0.27211222836
2017_1355_1376,0.238429082734
2017_1242_1376,0.75783812214
2017_1257_1376,0.835076988334
2017_1332_1376,0.73981694801
2017_1345_1376,0.5862963035
2017_1235_1376,0.643736647437
2017_1166_1376,0.555648870428
2017_1276_1376,0.684360443311
2017_1274_1376,0.601416474507
2017_1277_1376,0.345263449375
2017_1329_1376,0.602158718733
2017_1348_1376,0.52022748838
2017_1305_1376,0.376933862285
2017_1376_1436,0.515718771975
2017_1233_1376,0.318567364094
2017_1240_1376,0.272706131156
2017_1300_1376,0.300706840569
2017_1376_1413,0.853043410559
2017_1314_1376,0.818139833408
2017_1246_1376,0.770749174928
2017_1376_1417,0.296534789635
2017_1139_1376,0.745462830509
2017_1278_1376,0.596877965406
2017_1153_1376,0.719140383219
2017_1173_1376,0.519943315485
2017_1116_1376,0.66114235679
2017_1371_1376,0.47890566465
2017_1376_1455,0.447400167254
2017_1243_1376,0.425740810217
2017_1376_1448,0.543611839431
2017_1292_1376,0.557002378499
2017_1376_1457,0.749249745516
2017_1245_1376,0.380067010713
2017_1297_1376,0.232014117524
2017_1376_1411,0.620945981822
2017_1439_1458,0.290531445956
2017_1266_1458,0.392392549036
2017_1344_1458,0.236328192494
2017_1425_1458,0.410144797193
2017_1423_1458,0.398088086463
2017_1190_1458,0.255266421225
2017_1308_1458,0.205078481575
2017_1407_1458,0.219865841127
2017_1291_1458,0.128217894806
2017_1309_1458,0.178081784336
2017_1211_1458,0.822957562092
2017_1112_1458,0.742143896408
2017_1199_1458,0.726814754155
2017_1452_1458,0.707480199034
2017_1323_1458,0.694485826687
2017_1268_1458,0.36113020525
2017_1388_1458,0.582631984835
2017_1321_1458,0.445014795552
2017_1435_1458,0.242340655122
2017_1433_1458,0.382529596707
2017_1458_1462,0.703740455123
2017_1343_1458,0.333503232239
2017_1137_1458,0.215777910622
2017_1195_1458,0.303339227443
2017_1315_1458,0.179140837333
2017_1355_1458,0.155419339656
2017_1242_1458,0.716163570608
2017_1257_1458,0.766516665287
2017_1332_1458,0.691797061804
2017_1345_1458,0.46368533495
2017_1235_1458,0.580061319393
2017_1166_1458,0.433291284647
2017_1276_1458,0.629738106653
2017_1274_1458,0.467728295947
2017_1277_1458,0.194316254527
2017_1329_1458,0.459539616298
2017_1348_1458,0.385453415058
2017_1305_1458,0.238961106196
2017_1436_1458,0.384551088741
2017_1233_1458,0.200737178239
2017_1240_1458,0.155896619736
2017_1300_1458,0.193527170353
2017_1413_1458,0.102196461734
2017_1314_1458,0.799780069938
2017_1246_1458,0.677640324305
2017_1417_1458,0.628604245021
2017_1139_1458,0.692965602147
2017_1278_1458,0.474182694086
2017_1153_1458,0.669547120541
2017_1173_1458,0.381653653473
2017_1116_1458,0.532969580467
2017_1371_1458,0.339794591658
2017_1455_1458,0.396186021148
2017_1243_1458,0.284322266393
2017_1448_1458,0.332867118826
2017_1292_1458,0.429163723479
2017_1457_1458,0.187286787545
2017_1245_1458,0.303550787803
2017_1297_1458,0.138893844003
2017_1411_1458,0.294193774486
2017_1266_1439,0.688710322129
2017_1344_1439,0.534794440495
2017_1425_1439,0.716159275893
2017_1423_1439,0.699656699734
2017_1190_1439,0.560758877932
2017_1308_1439,0.485920099217
2017_1407_1439,0.484561168197
2017_1291_1439,0.310151268948
2017_1309_1439,0.477608156923
2017_1211_1439,0.912313239149
2017_1112_1439,0.877645320275
2017_1199_1439,0.865182509661
2017_1439_1452,0.208068903778
2017_1323_1439,0.86476489455
2017_1268_1439,0.659317826843
2017_1388_1439,0.782392798507
2017_1321_1439,0.709893105527
2017_1435_1439,0.465347052499
2017_1433_1439,0.683244049925
2017_1439_1462,0.474069520335
2017_1343_1439,0.626424028449
2017_1137_1439,0.504294964697
2017_1195_1439,0.596009992362
2017_1315_1439,0.424206743979
2017_1355_1439,0.350200415495
2017_1242_1439,0.883545669104
2017_1257_1439,0.87718036229
2017_1332_1439,0.863699412739
2017_1345_1439,0.730949852782
2017_1235_1439,0.824746483712
2017_1166_1439,0.713848177306
2017_1276_1439,0.815590871072
2017_1274_1439,0.732529661347
2017_1277_1439,0.406471872149
2017_1329_1439,0.732386404916
2017_1348_1439,0.65417377575
2017_1305_1439,0.523398323012
2017_1436_1439,0.671470228209
2017_1233_1439,0.467176240942
2017_1240_1439,0.363960800986
2017_1300_1439,0.469523954039
2017_1413_1439,0.267542167712
2017_1314_1439,0.911214512361
2017_1246_1439,0.844802664309
2017_1417_1439,0.820248225031
2017_1139_1439,0.846431765399
2017_1278_1439,0.72946997717
2017_1153_1439,0.857318250133
2017_1173_1439,0.69406304858
2017_1116_1439,0.760891375118
2017_1371_1439,0.64072449069
2017_1439_1455,0.359788169777
2017_1243_1439,0.61675955425
2017_1439_1448,0.413556762357
2017_1292_1439,0.729051783997
2017_1439_1457,0.597295809286
2017_1245_1439,0.56992071096
2017_1297_1439,0.361919417359
2017_1411_1439,0.571573894555
2017_1266_1344,0.649155600205
2017_1266_1425,0.47294866304
2017_1266_1423,0.485074006419
2017_1190_1266,0.360578444462
2017_1266_1308,0.711812460668
2017_1266_1407,0.682433283646
2017_1266_1291,0.783644174823
2017_1266_1309,0.682869794948
2017_1211_1266,0.870276014424
2017_1112_1266,0.802740529507
2017_1199_1266,0.814470464904
2017_1266_1452,0.235926193307
2017_1266_1323,0.217522212779
2017_1266_1268,0.541080497947
2017_1266_1388,0.361519058971
2017_1266_1321,0.46626027187
2017_1266_1435,0.71646015756
2017_1266_1433,0.491592322539
2017_1266_1462,0.604679848164
2017_1266_1343,0.54478685907
2017_1137_1266,0.305858416946
2017_1195_1266,0.43825661611
2017_1266_1315,0.740402298104
2017_1266_1355,0.785544359285
2017_1242_1266,0.819547234723
2017_1257_1266,0.835768632789
2017_1266_1332,0.223117185565
2017_1266_1345,0.446418045914
2017_1235_1266,0.693099806326
2017_1166_1266,0.539882920317
2017_1266_1276,0.281228204682
2017_1266_1274,0.423798261588
2017_1266_1277,0.769006068075
2017_1266_1329,0.425314588837
2017_1266_1348,0.508617862797
2017_1266_1305,0.689199952532
2017_1266_1436,0.512276570148
2017_1233_1266,0.27225692066
2017_1240_1266,0.233764920017
2017_1266_1300,0.708655513755
2017_1266_1413,0.827405898673
2017_1266_1314,0.136116305238
2017_1246_1266,0.793284858651
2017_1266_1417,0.257392602188
2017_1139_1266,0.753797119441
2017_1266_1278,0.429926187783
2017_1153_1266,0.763182288535
2017_1173_1266,0.498179587922
2017_1116_1266,0.654846225879
2017_1266_1371,0.560148752955
2017_1266_1455,0.475408580836
2017_1243_1266,0.400793478879
2017_1266_1448,0.5494708956
2017_1266_1292,0.455754060362
2017_1266_1457,0.727929079499
2017_1245_1266,0.422773039775
2017_1266_1297,0.788828699423
2017_1266_1411,0.595389006477
2017_1344_1425,0.310595409416
2017_1344_1423,0.31170983537
2017_1190_1344,0.511632808501
2017_1308_1344,0.459038304632
2017_1344_1407,0.536572912439
2017_1291_1344,0.283465262361
2017_1309_1344,0.426543598088
2017_1211_1344,0.904789882962
2017_1112_1344,0.876584821015
2017_1199_1344,0.864760362448
2017_1344_1452,0.150063176989
2017_1323_1344,0.848446811402
2017_1268_1344,0.662253808501
2017_1344_1388,0.242190144206
2017_1321_1344,0.713557665911
2017_1344_1435,0.57859341795
2017_1344_1433,0.336665289408
2017_1344_1462,0.431494506499
2017_1343_1344,0.601204786639
2017_1137_1344,0.466814933673
2017_1195_1344,0.591460359319
2017_1315_1344,0.374606086366
2017_1344_1355,0.675658133013
2017_1242_1344,0.868011928917
2017_1257_1344,0.881790749592
2017_1332_1344,0.852902425748
2017_1344_1345,0.292876010961
2017_1235_1344,0.791559888962
2017_1166_1344,0.673857897153
2017_1276_1344,0.808624470317
2017_1274_1344,0.742823915947
2017_1277_1344,0.413078918757
2017_1329_1344,0.709460614198
2017_1344_1348,0.354010925013
2017_1305_1344,0.482146318792
2017_1344_1436,0.345435359419
2017_1233_1344,0.412605576378
2017_1240_1344,0.363540390108
2017_1300_1344,0.435015436789
2017_1344_1413,0.758119799056
2017_1314_1344,0.899452471448
2017_1246_1344,0.841505737286
2017_1344_1417,0.186882053974
2017_1139_1344,0.849639038795
2017_1278_1344,0.721434354756
2017_1153_1344,0.8481905339
2017_1173_1344,0.661381718094
2017_1116_1344,0.757496865668
2017_1344_1371,0.3967651712
2017_1344_1455,0.324400704737
2017_1243_1344,0.577752785492
2017_1344_1448,0.393687880278
2017_1292_1344,0.706278927995
2017_1344_1457,0.590746822405
2017_1245_1344,0.544477188183
2017_1297_1344,0.330491447692
2017_1344_1411,0.451881571021
2017_1423_1425,0.503724073505
2017_1190_1425,0.319040459399
2017_1308_1425,0.26625883821
2017_1407_1425,0.280826844282
2017_1291_1425,0.177233294279
2017_1309_1425,0.234962118137
2017_1211_1425,0.858627489684
2017_1112_1425,0.778743867459
2017_1199_1425,0.797144623714
2017_1425_1452,0.236292327202
2017_1323_1425,0.736128320571
2017_1268_1425,0.453512250247
2017_1388_1425,0.615962635993
2017_1321_1425,0.531960843451
2017_1425_1435,0.750582667235
2017_1425_1433,0.523645459029
2017_1425_1462,0.633144785263
2017_1343_1425,0.40628198761
2017_1137_1425,0.279786836116
2017_1195_1425,0.398284637407
2017_1315_1425,0.221757006265
2017_1355_1425,0.196586216703
2017_1242_1425,0.780307470382
2017_1257_1425,0.822396719309
2017_1332_1425,0.754631143219
2017_1345_1425,0.533933434737
2017_1235_1425,0.650739972334
2017_1166_1425,0.503258977835
2017_1276_1425,0.656560803486
2017_1274_1425,0.554014375442
2017_1277_1425,0.242786448843
2017_1329_1425,0.564626979234
2017_1348_1425,0.472914766887
2017_1305_1425,0.296568728001
2017_1425_1436,0.554325711851
2017_1233_1425,0.245530793823
2017_1240_1425,0.20814816391
2017_1300_1425,0.251053066403
2017_1413_1425,0.130774524889
2017_1314_1425,0.855176325297
2017_1246_1425,0.772324682302
2017_1417_1425,0.699024998227
2017_1139_1425,0.729424141142
2017_1278_1425,0.571959779655
2017_1153_1425,0.739028136295
2017_1173_1425,0.463623137426
2017_1116_1425,0.62616579655
2017_1371_1425,0.441961718815
2017_1425_1455,0.506195628586
2017_1243_1425,0.364082878013
2017_1425_1448,0.587439981928
2017_1292_1425,0.515026632123
2017_1425_1457,0.768868764817
2017_1245_1425,0.360760420299
2017_1297_1425,0.186196244858
2017_1411_1425,0.352661845837
2017_1190_1423,0.317994792506
2017_1308_1423,0.260613955676
2017_1407_1423,0.286277320071
2017_1291_1423,0.175620320903
2017_1309_1423,0.230373029511
2017_1211_1423,0.85261825362
2017_1112_1423,0.771377534715
2017_1199_1423,0.798064674409
2017_1423_1452,0.225138838502
2017_1323_1423,0.744520717163
2017_1268_1423,0.446782679112
2017_1388_1423,0.633260345995
2017_1321_1423,0.534776464955
2017_1423_1435,0.735093348009
2017_1423_1433,0.512502552061
2017_1423_1462,0.612978901391
2017_1343_1423,0.422727421998
2017_1137_1423,0.275935321838
2017_1195_1423,0.385389255617
2017_1315_1423,0.221362528172
2017_1355_1423,0.204232529586
2017_1242_1423,0.78206724271
2017_1257_1423,0.820664420317
2017_1332_1423,0.757197444388
2017_1345_1423,0.539692850375
2017_1235_1423,0.668174857465
2017_1166_1423,0.512914300984
2017_1276_1423,0.673919488873
2017_1274_1423,0.539141182468
2017_1277_1423,0.23070410599
2017_1329_1423,0.578666280161
2017_1348_1423,0.480517338465
2017_1305_1423,0.302610574162
2017_1423_1436,0.538062594495
2017_1233_1423,0.255727777564
2017_1240_1423,0.202698730205
2017_1300_1423,0.25338519776
2017_1413_1423,0.130354719086
2017_1314_1423,0.849952641492
2017_1246_1423,0.765998279802
2017_1417_1423,0.712040397277
2017_1139_1423,0.734515842284
2017_1278_1423,0.563371583226
2017_1153_1423,0.73802002799
2017_1173_1423,0.470532439186
2017_1116_1423,0.63439214932
2017_1371_1423,0.4234239191
2017_1423_1455,0.49624232209
2017_1243_1423,0.361340556381
2017_1423_1448,0.577451496239
2017_1292_1423,0.519657262875
2017_1423_1457,0.752654288672
2017_1245_1423,0.37304653067
2017_1297_1423,0.181142718622
2017_1411_1423,0.364322030221
2017_1190_1308,0.631526946889
2017_1190_1407,0.58415398171
2017_1190_1291,0.717836396857
2017_1190_1309,0.596603600034
2017_1190_1211,0.084100275913
2017_1112_1190,0.845929334712
2017_1190_1199,0.109339409406
2017_1190_1452,0.137722306506
2017_1190_1323,0.166353212734
2017_1190_1268,0.402561672384
2017_1190_1388,0.292025116476
2017_1190_1321,0.326242701515
2017_1190_1435,0.620371770287
2017_1190_1433,0.342523314026
2017_1190_1462,0.468688885795
2017_1190_1343,0.392660352757
2017_1137_1190,0.447295861908
2017_1190_1195,0.463539877885
2017_1190_1315,0.651940019342
2017_1190_1355,0.72559969784
2017_1190_1242,0.134018389974
2017_1190_1257,0.101237016711
2017_1190_1332,0.155036627365
2017_1190_1345,0.336586107469
2017_1190_1235,0.214383759489
2017_1166_1190,0.641966525188
2017_1190_1276,0.231604836588
2017_1190_1274,0.290252511134
2017_1190_1277,0.656480182254
2017_1190_1329,0.281071833719
2017_1190_1348,0.34912577942
2017_1190_1305,0.547042540641
2017_1190_1436,0.36459358687
2017_1190_1233,0.604373741381
2017_1190_1240,0.691877630989
2017_1190_1300,0.609483343789
2017_1190_1413,0.792820160587
2017_1190_1314,0.0979424111126
2017_1190_1246,0.129459591204
2017_1190_1417,0.190260943255
2017_1139_1190,0.810505733668
2017_1190_1278,0.293208841605
2017_1153_1190,0.81520820321
2017_1173_1190,0.623016892974
2017_1116_1190,0.779681554068
2017_1190_1371,0.415414199783
2017_1190_1455,0.321574592345
2017_1190_1243,0.443721188169
2017_1190_1448,0.41161573271
2017_1190_1292,0.311498408731
2017_1190_1457,0.651839597815
2017_1190_1245,0.520788758161
2017_1190_1297,0.712645492553
2017_1190_1411,0.482489608656
2017_1308_1407,0.484423988534
2017_1291_1308,0.372837431172
2017_1308_1309,0.520347812282
2017_1211_1308,0.917027602008
2017_1112_1308,0.873953553605
2017_1199_1308,0.894523635697
2017_1308_1452,0.129232418623
2017_1308_1323,0.142148639285
2017_1268_1308,0.693470335495
2017_1308_1388,0.225976697627
2017_1308_1321,0.235692389072
2017_1308_1435,0.517342482068
2017_1308_1433,0.283557360274
2017_1308_1462,0.364111838058
2017_1308_1343,0.363762903343
2017_1137_1308,0.559126427059
2017_1195_1308,0.650922110406
2017_1308_1315,0.591566423948
2017_1308_1355,0.643987064658
2017_1242_1308,0.879703064877
2017_1257_1308,0.902706333959
2017_1308_1332,0.12705323761
2017_1308_1345,0.264449283135
2017_1235_1308,0.809867650727
2017_1166_1308,0.707498086667
2017_1276_1308,0.791969773751
2017_1274_1308,0.761790601044
2017_1277_1308,0.46401972312
2017_1308_1329,0.23419847374
2017_1308_1348,0.282903578047
2017_1305_1308,0.536662286611
2017_1308_1436,0.305800529322
2017_1233_1308,0.509832934199
2017_1240_1308,0.412165422291
2017_1300_1308,0.495725477152
2017_1308_1413,0.728692351562
2017_1308_1314,0.0760016929977
2017_1246_1308,0.883827604949
2017_1308_1417,0.160693064948
2017_1139_1308,0.846003955365
2017_1278_1308,0.789105494664
2017_1153_1308,0.857414133018
2017_1173_1308,0.715528651684
2017_1116_1308,0.823953153634
2017_1308_1371,0.328532370687
2017_1308_1455,0.257544880479
2017_1243_1308,0.636976494946
2017_1308_1448,0.320956805082
2017_1292_1308,0.734894900577
2017_1308_1457,0.574454438701
2017_1245_1308,0.602702255688
2017_1297_1308,0.386078429938
2017_1308_1411,0.413443497409
2017_1291_1407,0.325134986649
2017_1309_1407,0.455871300347
2017_1211_1407,0.905225169258
2017_1112_1407,0.867777317791
2017_1199_1407,0.8912146813
2017_1407_1452,0.129084091776
2017_1323_1407,0.83256143047
2017_1268_1407,0.67421461032
2017_1388_1407,0.74092944946
2017_1321_1407,0.734181371904
2017_1407_1435,0.52006927639
2017_1407_1433,0.295783876759
2017_1407_1462,0.384671994652
2017_1343_1407,0.621696988972
2017_1137_1407,0.520626436846
2017_1195_1407,0.63202660913
2017_1315_1407,0.432002656187
2017_1355_1407,0.364900757165
2017_1242_1407,0.866775951278
2017_1257_1407,0.9023429093
2017_1332_1407,0.849255253925
2017_1345_1407,0.702688900128
2017_1235_1407,0.786928588048
2017_1166_1407,0.683101912522
2017_1276_1407,0.782568058013
2017_1274_1407,0.755867338754
2017_1277_1407,0.455688709358
2017_1329_1407,0.775452275393
2017_1348_1407,0.711382091979
2017_1305_1407,0.522332040256
2017_1407_1436,0.322425962966
2017_1233_1407,0.474475255672
2017_1240_1407,0.392268554235
2017_1300_1407,0.468903208801
2017_1407_1413,0.747355707002
2017_1314_1407,0.899484324622
2017_1246_1407,0.873335273154
2017_1407_1417,0.180281172064
2017_1139_1407,0.844842420312
2017_1278_1407,0.761339797141
2017_1153_1407,0.844601528025
2017_1173_1407,0.684522109506
2017_1116_1407,0.814961130589
2017_1371_1407,0.682202157065
2017_1407_1455,0.282185855016
2017_1243_1407,0.602253225292
2017_1407_1448,0.33903436722
2017_1292_1407,0.714590121432
2017_1407_1457,0.582548121094
2017_1245_1407,0.591731592868
2017_1297_1407,0.360687544932
2017_1407_1411,0.418031878807
2017_1291_1309,0.364983342144
2017_1211_1291,0.921908073494
2017_1112_1291,0.911599362244
2017_1199_1291,0.915577158142
2017_1291_1452,0.0883578745868
2017_1291_1323,0.0873726582451
2017_1268_1291,0.806301422648
2017_1291_1388,0.157293287642
2017_1291_1321,0.166035428621
2017_1291_1435,0.34092639321
2017_1291_1433,0.186457377049
2017_1291_1462,0.243714444747
2017_1291_1343,0.211945653238
2017_1137_1291,0.682513053734
2017_1195_1291,0.775167686193
2017_1291_1315,0.404650211505
2017_1291_1355,0.466853106633
2017_1242_1291,0.905086991447
2017_1257_1291,0.922800889212
2017_1291_1332,0.0885573518709
2017_1291_1345,0.180696442667
2017_1235_1291,0.858524710401
2017_1166_1291,0.783989016636
2017_1276_1291,0.869916616491
2017_1274_1291,0.861654458339
2017_1277_1291,0.626402079317
2017_1291_1329,0.159200113696
2017_1291_1348,0.19353054632
2017_1291_1305,0.322403045967
2017_1291_1436,0.182227634486
2017_1233_1291,0.631255131537
2017_1240_1291,0.599637850493
2017_1291_1300,0.36060921996
2017_1291_1413,0.586556879027
2017_1291_1314,0.068375529786
2017_1246_1291,0.900317415985
2017_1291_1417,0.129853296582
2017_1139_1291,0.904032933925
2017_1278_1291,0.828562813318
2017_1153_1291,0.898214643414
2017_1173_1291,0.796764977712
2017_1116_1291,0.869752194387
2017_1291_1371,0.21229140158
2017_1291_1455,0.194693860079
2017_1243_1291,0.764693667943
2017_1291_1448,0.227942809261
2017_1291_1292,0.160878279677
2017_1291_1457,0.393983116741
2017_1245_1291,0.737933881764
2017_1291_1297,0.465109789151
2017_1291_1411,0.26378471846
2017_1211_1309,0.905149840641
2017_1112_1309,0.878678004691
2017_1199_1309,0.885335151704
2017_1309_1452,0.109755767447
2017_1309_1323,0.115603709647
2017_1268_1309,0.70850666166
2017_1309_1388,0.223935503703
2017_1309_1321,0.22396584715
2017_1309_1435,0.516456401998
2017_1309_1433,0.253499010349
2017_1309_1462,0.337703678493
2017_1309_1343,0.318611120414
2017_1137_1309,0.546578701479
2017_1195_1309,0.652446855495
2017_1309_1315,0.547532902931
2017_1309_1355,0.626807301112
2017_1242_1309,0.86614642901
2017_1257_1309,0.897641364743
2017_1309_1332,0.118409520816
2017_1309_1345,0.25526873613
2017_1235_1309,0.787279778574
2017_1166_1309,0.693704262006
2017_1276_1309,0.803906111036
2017_1274_1309,0.782270773219
2017_1277_1309,0.503259821075
2017_1309_1329,0.207791398037
2017_1309_1348,0.257715079601
2017_1305_1309,0.541500254671
2017_1309_1436,0.280683705186
2017_1233_1309,0.487349113548
2017_1240_1309,0.44294793224
2017_1300_1309,0.497668918407
2017_1309_1413,0.730968551044
2017_1309_1314,0.0780431701453
2017_1246_1309,0.866326278983
2017_1309_1417,0.166674624593
2017_1139_1309,0.856312163752
2017_1278_1309,0.770308980675
2017_1153_1309,0.848671496787
2017_1173_1309,0.698132851541
2017_1116_1309,0.808108452735
2017_1309_1371,0.300391436745
2017_1309_1455,0.239900379084
2017_1243_1309,0.627642392305
2017_1309_1448,0.306145667188
2017_1292_1309,0.723459284508
2017_1309_1457,0.541406638647
2017_1245_1309,0.599165056375
2017_1297_1309,0.398047960707
2017_1309_1411,0.362930404371
2017_1112_1211,0.340098611602
2017_1199_1211,0.342710734921
2017_1211_1452,0.699439863104
2017_1211_1323,0.702991104523
2017_1211_1268,0.880437272354
2017_1211_1388,0.786561392938
2017_1211_1321,0.860570520115
2017_1211_1435,0.920252880081
2017_1211_1433,0.859510971699
2017_1211_1462,0.89484022402
2017_1211_1343,0.88172276947
2017_1137_1211,0.0698306268002
2017_1195_1211,0.0943695037294
2017_1211_1315,0.918739299019
2017_1211_1355,0.930094357142
2017_1211_1242,0.682113420976
2017_1211_1257,0.62577324103
2017_1211_1332,0.718490242549
2017_1211_1345,0.856556816547
2017_1211_1235,0.788850283343
2017_1166_1211,0.127584949068
2017_1211_1276,0.729644284873
2017_1211_1274,0.821861946071
2017_1211_1277,0.924406187814
2017_1211_1329,0.823536830683
2017_1211_1348,0.852063160338
2017_1211_1305,0.912088326858
2017_1211_1436,0.870824200236
2017_1211_1233,0.918573322092
2017_1211_1240,0.928015832334
2017_1211_1300,0.915696966408
2017_1211_1413,0.933263177498
2017_1211_1314,0.583546994473
2017_1211_1246,0.698580115581
2017_1211_1417,0.71910647859
2017_1139_1211,0.285319577525
2017_1211_1278,0.839362743909
2017_1153_1211,0.274397015989
2017_1173_1211,0.109493067834
2017_1116_1211,0.190976640257
2017_1211_1371,0.868798411861
2017_1211_1455,0.864435519395
2017_1211_1243,0.88780650488
2017_1211_1448,0.883829765645
2017_1211_1292,0.857294506659
2017_1211_1457,0.915315200936
2017_1211_1245,0.873104997069
2017_1211_1297,0.928703263489
2017_1211_1411,0.867873320015
2017_1112_1199,0.4990735371
2017_1112_1452,0.572460980089
2017_1112_1323,0.572872397329
2017_1112_1268,0.821204809867
2017_1112_1388,0.683591108113
2017_1112_1321,0.77540589743
2017_1112_1435,0.890431145414
2017_1112_1433,0.789866793896
2017_1112_1462,0.843543625311
2017_1112_1343,0.841481233264
2017_1112_1137,0.879087176521
2017_1112_1195,0.834757275157
2017_1112_1315,0.88686302307
2017_1112_1355,0.907627055737
2017_1112_1242,0.519518299346
2017_1112_1257,0.458931612572
2017_1112_1332,0.572831149485
2017_1112_1345,0.763949031906
2017_1112_1235,0.684014855059
2017_1112_1166,0.792895396614
2017_1112_1276,0.639782727149
2017_1112_1274,0.754027444161
2017_1112_1277,0.890869696016
2017_1112_1329,0.732536937164
2017_1112_1348,0.77800813993
2017_1112_1305,0.85761617372
2017_1112_1436,0.818123150603
2017_1112_1233,0.87836104109
2017_1112_1240,0.90570641028
2017_1112_1300,0.881706450102
2017_1112_1413,0.918325112557
2017_1112_1314,0.394292322472
2017_1112_1246,0.523506694517
2017_1112_1417,0.571694981485
2017_1112_1139,0.577025939533
2017_1112_1278,0.729486990316
2017_1112_1153,0.600957873971
2017_1112_1173,0.816741112073
2017_1112_1116,0.686976674311
2017_1112_1371,0.813282985636
2017_1112_1455,0.763299605355
2017_1112_1243,0.85213328355
2017_1112_1448,0.806022846587
2017_1112_1292,0.790286480245
2017_1112_1457,0.877699753438
2017_1112_1245,0.812567215009
2017_1112_1297,0.906505315867
2017_1112_1411,0.821098941583
2017_1199_1452,0.562868538626
2017_1199_1323,0.548626440153
2017_1199_1268,0.825188147236
2017_1199_1388,0.647462836045
2017_1199_1321,0.790939498821
2017_1199_1435,0.891005162941
2017_1199_1433,0.81693561604
2017_1199_1462,0.859143811882
2017_1199_1343,0.816166961158
2017_1137_1199,0.102473457744
2017_1195_1199,0.135462644769
2017_1199_1315,0.906888459525
2017_1199_1355,0.915689115279
2017_1199_1242,0.526051731309
2017_1199_1257,0.448076802084
2017_1199_1332,0.569077056606
2017_1199_1345,0.742155863883
2017_1199_1235,0.671794731288
2017_1166_1199,0.239861202534
2017_1199_1276,0.615822624315
2017_1199_1274,0.743521669753
2017_1199_1277,0.897513245543
2017_1199_1329,0.769131749778
2017_1199_1348,0.816516857049
2017_1199_1305,0.873013392293
2017_1199_1436,0.807846489616
2017_1199_1233,0.897098203785
2017_1199_1240,0.907901078001
2017_1199_1300,0.894333608995
2017_1199_1413,0.92729496479
2017_1199_1314,0.394022697527
2017_1199_1246,0.55201355187
2017_1199_1417,0.563215315062
2017_1139_1199,0.421073843535
2017_1199_1278,0.765005328082
2017_1153_1199,0.392473074615
2017_1173_1199,0.184764550784
2017_1116_1199,0.273145781082
2017_1199_1371,0.833857278736
2017_1199_1455,0.79401183469
2017_1199_1243,0.845152470571
2017_1199_1448,0.843580876365
2017_1199_1292,0.778424227925
2017_1199_1457,0.903419010354
2017_1199_1245,0.856977730122
2017_1199_1297,0.914209276861
2017_1199_1411,0.850655810274
2017_1323_1452,0.507732972305
2017_1268_1452,0.226223061325
2017_1388_1452,0.440867803753
2017_1321_1452,0.271778825364
2017_1435_1452,0.165913934039
2017_1433_1452,0.21446756648
2017_1452_1462,0.843292022016
2017_1343_1452,0.210208520118
2017_1137_1452,0.129046783476
2017_1195_1452,0.184997162671
2017_1315_1452,0.102802867543
2017_1355_1452,0.104323788275
2017_1242_1452,0.541396810049
2017_1257_1452,0.613788832775
2017_1332_1452,0.509323501127
2017_1345_1452,0.333495776675
2017_1235_1452,0.383888541194
2017_1166_1452,0.297760634765
2017_1276_1452,0.456239524699
2017_1274_1452,0.293722121405
2017_1277_1452,0.125375406388
2017_1329_1452,0.283173611381
2017_1348_1452,0.217169048592
2017_1305_1452,0.148634765039
2017_1436_1452,0.245851041546
2017_1233_1452,0.117213037649
2017_1240_1452,0.105406974749
2017_1300_1452,0.11929494775
2017_1413_1452,0.0699171780377
2017_1314_1452,0.661878567729
2017_1246_1452,0.517441830025
2017_1417_1452,0.499313444017
2017_1139_1452,0.498862520066
2017_1278_1452,0.2993353563
2017_1153_1452,0.452894253439
2017_1173_1452,0.227934992643
2017_1116_1452,0.335287672991
2017_1371_1452,0.199696847133
2017_1452_1455,0.771797017502
2017_1243_1452,0.16457036642
2017_1448_1452,0.206504821383
2017_1292_1452,0.262200336751
2017_1452_1457,0.895506285306
2017_1245_1452,0.170879247267
2017_1297_1452,0.0910887437189
2017_1411_1452,0.164177480343
2017_1268_1323,0.208954241121
2017_1323_1388,0.663666366147
2017_1321_1323,0.273855022184
2017_1323_1435,0.867786790133
2017_1323_1433,0.733283233945
2017_1323_1462,0.806045155406
2017_1323_1343,0.815363716012
2017_1137_1323,0.126680421177
2017_1195_1323,0.195468441404
2017_1315_1323,0.117983544648
2017_1323_1355,0.887308392838
2017_1242_1323,0.55272996334
2017_1257_1323,0.602582200128
2017_1323_1332,0.501408697652
2017_1323_1345,0.730505341692
2017_1235_1323,0.381306494443
2017_1166_1323,0.240158108638
2017_1276_1323,0.428950144066
2017_1274_1323,0.285563139226
2017_1277_1323,0.114396393184
2017_1323_1329,0.675264429768
2017_1323_1348,0.731665936227
2017_1305_1323,0.146669597445
2017_1323_1436,0.783366859819
2017_1233_1323,0.120525675513
2017_1240_1323,0.0975884166078
2017_1300_1323,0.128429007576
2017_1323_1413,0.900871433506
2017_1314_1323,0.695416139363
2017_1246_1323,0.513816821204
2017_1323_1417,0.5285795885
2017_1139_1323,0.500445254912
2017_1278_1323,0.326849902956
2017_1153_1323,0.492988636669
2017_1173_1323,0.209563196362
2017_1116_1323,0.3524053119
2017_1323_1371,0.761113611188
2017_1323_1455,0.729741765579
2017_1243_1323,0.155378940713
2017_1323_1448,0.769024219396
2017_1292_1323,0.24970512862
2017_1323_1457,0.84740654069
2017_1245_1323,0.218356869469
2017_1297_1323,0.0970003834876
2017_1323_1411,0.774713666172
2017_1268_1388,0.326830382404
2017_1268_1321,0.420743879472
2017_1268_1435,0.701895071975
2017_1268_1433,0.482734332751
2017_1268_1462,0.588757493898
2017_1268_1343,0.553876016913
2017_1137_1268,0.334220959322
2017_1195_1268,0.437631858306
2017_1268_1315,0.746596481779
2017_1268_1355,0.78757089165
2017_1242_1268,0.821518249377
2017_1257_1268,0.846777594055
2017_1268_1332,0.203769282951
2017_1268_1345,0.416460539129
2017_1235_1268,0.711831361961
2017_1166_1268,0.563404693797
2017_1268_1276,0.290268376805
2017_1268_1274,0.395459709699
2017_1268_1277,0.735789455264
2017_1268_1329,0.41263595029
2017_1268_1348,0.47796585576
2017_1268_1305,0.651622199669
2017_1268_1436,0.494206711939
2017_1233_1268,0.297019991629
2017_1240_1268,0.225219437876
2017_1268_1300,0.707134277225
2017_1268_1413,0.836788046165
2017_1268_1314,0.124479781867
2017_1246_1268,0.792023385043
2017_1268_1417,0.256492419834
2017_1139_1268,0.780589540943
2017_1268_1278,0.385585414473
2017_1153_1268,0.78298683793
2017_1173_1268,0.536650100749
2017_1116_1268,0.678260008877
2017_1268_1371,0.541590646226
2017_1268_1455,0.45531488537
2017_1243_1268,0.438904589641
2017_1268_1448,0.527614200042
2017_1268_1292,0.444608678019
2017_1268_1457,0.717244007756
2017_1245_1268,0.423917297803
2017_1268_1297,0.789277340746
2017_1268_1411,0.589287606114
2017_1321_1388,0.40482577482
2017_1388_1435,0.769694596873
2017_1388_1433,0.632979512526
2017_1388_1462,0.706156192195
2017_1343_1388,0.311854853046
2017_1137_1388,0.23573335215
2017_1195_1388,0.294968008979
2017_1315_1388,0.215825107357
2017_1355_1388,0.170200750165
2017_1242_1388,0.670510421216
2017_1257_1388,0.683725185745
2017_1332_1388,0.647424329795
2017_1345_1388,0.382346378017
2017_1235_1388,0.555651782246
2017_1166_1388,0.373858054559
2017_1276_1388,0.574538437172
2017_1274_1388,0.429167211202
2017_1277_1388,0.175724473708
2017_1329_1388,0.423233129048
2017_1348_1388,0.365621339764
2017_1305_1388,0.243611153979
2017_1388_1436,0.661410450416
2017_1233_1388,0.222825328539
2017_1240_1388,0.158993932127
2017_1300_1388,0.221015512046
2017_1388_1413,0.841936335249
2017_1314_1388,0.767926392999
2017_1246_1388,0.606598909499
2017_1388_1417,0.408600844033
2017_1139_1388,0.613402914938
2017_1278_1388,0.465582975557
2017_1153_1388,0.640292221976
2017_1173_1388,0.364454791106
2017_1116_1388,0.487520142995
2017_1371_1388,0.343336854622
2017_1388_1455,0.611202637153
2017_1243_1388,0.297676121571
2017_1388_1448,0.65786154413
2017_1292_1388,0.398128879426
2017_1388_1457,0.761768085258
2017_1245_1388,0.31956250599
2017_1297_1388,0.163385055068
2017_1388_1411,0.682302216241
2017_1321_1435,0.752803286639
2017_1321_1433,0.561277497965
2017_1321_1462,0.657255542384
2017_1321_1343,0.630085553881
2017_1137_1321,0.274340274247
2017_1195_1321,0.365675779144
2017_1315_1321,0.21822273001
2017_1321_1355,0.822433395202
2017_1242_1321,0.773870628297
2017_1257_1321,0.818714501424
2017_1321_1332,0.257272232635
2017_1321_1345,0.487019936763
2017_1235_1321,0.650360817607
2017_1166_1321,0.491671983492
2017_1276_1321,0.651623465639
2017_1274_1321,0.537015036619
2017_1277_1321,0.215059238888
2017_1321_1329,0.465363770401
2017_1321_1348,0.559399480274
2017_1305_1321,0.272809935897
2017_1321_1436,0.577694993866
2017_1233_1321,0.236816873888
2017_1240_1321,0.182921206846
2017_1300_1321,0.232686275135
2017_1321_1413,0.861282233744
2017_1314_1321,0.850412008911
2017_1246_1321,0.754619990864
2017_1321_1417,0.301591710756
2017_1139_1321,0.723435936589
2017_1278_1321,0.544753410437
2017_1153_1321,0.73696582194
2017_1173_1321,0.461169348793
2017_1116_1321,0.615277440508
2017_1321_1371,0.609505842573
2017_1321_1455,0.531404482511
2017_1243_1321,0.362703927221
2017_1321_1448,0.595952927706
2017_1292_1321,0.514337812601
2017_1321_1457,0.775473610837
2017_1245_1321,0.337189540238
2017_1297_1321,0.169571241144
2017_1321_1411,0.665685761181
2017_1433_1435,0.740545613399
2017_1435_1462,0.418698685453
2017_1343_1435,0.659275402813
2017_1137_1435,0.563960584245
2017_1195_1435,0.653500833634
2017_1315_1435,0.470053068452
2017_1355_1435,0.368053692077
2017_1242_1435,0.888547077654
2017_1257_1435,0.902578511403
2017_1332_1435,0.873674810836
2017_1345_1435,0.732641917862
2017_1235_1435,0.829248992186
2017_1166_1435,0.722712557812
2017_1276_1435,0.816562986243
2017_1274_1435,0.782931011749
2017_1277_1435,0.454609772716
2017_1329_1435,0.771176206604
2017_1348_1435,0.709780357867
2017_1305_1435,0.546210221088
2017_1435_1436,0.324896959638
2017_1233_1435,0.50037686939
2017_1240_1435,0.402267400016
2017_1300_1435,0.505986979604
2017_1413_1435,0.270661613207
2017_1314_1435,0.915798371742
2017_1246_1435,0.873526211352
2017_1417_1435,0.805943078614
2017_1139_1435,0.861750494244
2017_1278_1435,0.774901043271
2017_1153_1435,0.872894237441
2017_1173_1435,0.729623936381
2017_1116_1435,0.809558498799
2017_1371_1435,0.704339466108
2017_1435_1455,0.30871269584
2017_1243_1435,0.658856327769
2017_1435_1448,0.356633951199
2017_1292_1435,0.763057313255
2017_1435_1457,0.5755768063
2017_1245_1435,0.602542164416
2017_1297_1435,0.392590101715
2017_1411_1435,0.611230702377
2017_1433_1462,0.615495872859
2017_1343_1433,0.431075200792
2017_1137_1433,0.302911493722
2017_1195_1433,0.418529367039
2017_1315_1433,0.231691546841
2017_1355_1433,0.209126706186
2017_1242_1433,0.782641083158
2017_1257_1433,0.841644363219
2017_1332_1433,0.756416237012
2017_1345_1433,0.561266514162
2017_1235_1433,0.646783795035
2017_1166_1433,0.522591167847
2017_1276_1433,0.66684612883
2017_1274_1433,0.582669972549
2017_1277_1433,0.276955223316
2017_1329_1433,0.602870462863
2017_1348_1433,0.506368717351
2017_1305_1433,0.329593917406
2017_1433_1436,0.526472877819
2017_1233_1433,0.270568719051
2017_1240_1433,0.228568893712
2017_1300_1433,0.267342232056
2017_1413_1433,0.134677907082
2017_1314_1433,0.852554038907
2017_1246_1433,0.790562198469
2017_1417_1433,0.691672529659
2017_1139_1433,0.739485075605
2017_1278_1433,0.600509209716
2017_1153_1433,0.738133214479
2017_1173_1433,0.485308073014
2017_1116_1433,0.660729345342
2017_1371_1433,0.465062137678
2017_1433_1455,0.469130097642
2017_1243_1433,0.38799766614
2017_1433_1448,0.563688725796
2017_1292_1433,0.530214414832
2017_1433_1457,0.766650664317
2017_1245_1433,0.380093057605
2017_1297_1433,0.198421901247
2017_1411_1433,0.369310441981
2017_1343_1462,0.53541816214
2017_1137_1462,0.406529370903
2017_1195_1462,0.516811061305
2017_1315_1462,0.319896139258
2017_1355_1462,0.268654884427
2017_1242_1462,0.843079193069
2017_1257_1462,0.874854965264
2017_1332_1462,0.825005819175
2017_1345_1462,0.641811062472
2017_1235_1462,0.743272473071
2017_1166_1462,0.621490802034
2017_1276_1462,0.749763819165
2017_1274_1462,0.677182561516
2017_1277_1462,0.346299669699
2017_1329_1462,0.687013344013
2017_1348_1462,0.60776159418
2017_1305_1462,0.407179532766
2017_1436_1462,0.603359133201
2017_1233_1462,0.355372620217
2017_1240_1462,0.288986338429
2017_1300_1462,0.349635352647
2017_1413_1462,0.175623165586
2017_1314_1462,0.884441808275
2017_1246_1462,0.835227025503
2017_1417_1462,0.755206723262
2017_1139_1462,0.810590553472
2017_1278_1462,0.686972383931
2017_1153_1462,0.808024966579
2017_1173_1462,0.60385117088
2017_1116_1462,0.741681840302
2017_1371_1462,0.558768972188
2017_1455_1462,0.614267165492
2017_1243_1462,0.501509382044
2017_1448_1462,0.550371348051
2017_1292_1462,0.637883470033
2017_1457_1462,0.331771020067
2017_1245_1462,0.472285459128
2017_1297_1462,0.255181297089
2017_1411_1462,0.469124703652
2017_1137_1343,0.353723435491
2017_1195_1343,0.486102474025
2017_1315_1343,0.284693746234
2017_1343_1355,0.733548751262
2017_1242_1343,0.827940602634
2017_1257_1343,0.843560150883
2017_1332_1343,0.81124443799
2017_1343_1345,0.37308662507
2017_1235_1343,0.737713916208
2017_1166_1343,0.581270245891
2017_1276_1343,0.76326618491
2017_1274_1343,0.651614938605
2017_1277_1343,0.314606177852
2017_1329_1343,0.607599124218
2017_1343_1348,0.456963539773
2017_1305_1343,0.396898357063
2017_1343_1436,0.449210597872
2017_1233_1343,0.320493043719
2017_1240_1343,0.274775415818
2017_1300_1343,0.345179902653
2017_1343_1413,0.796863875082
2017_1314_1343,0.877439476744
2017_1246_1343,0.786467790576
2017_1343_1417,0.237164732133
2017_1139_1343,0.805073457485
2017_1278_1343,0.643083086469
2017_1153_1343,0.811938981945
2017_1173_1343,0.557046281038
2017_1116_1343,0.670768979544
2017_1343_1371,0.493275183181
2017_1343_1455,0.42161717094
2017_1243_1343,0.461549741786
2017_1343_1448,0.495945077347
2017_1292_1343,0.622007288232
2017_1343_1457,0.657027577078
2017_1245_1343,0.457118526685
2017_1297_1343,0.25438516815
2017_1343_1411,0.540136105513
2017_1137_1195,0.395844016272
2017_1137_1315,0.589118290057
2017_1137_1355,0.670502163183
2017_1137_1242,0.105782535821
2017_1137_1257,0.0947731044809
2017_1137_1332,0.121184137694
2017_1137_1345,0.275948749239
2017_1137_1235,0.168336905645
2017_1137_1166,0.289728498981
2017_1137_1276,0.176690588085
2017_1137_1274,0.249295723427
2017_1137_1277,0.601148978518
2017_1137_1329,0.259271290838
2017_1137_1348,0.319821920527
2017_1137_1305,0.496759574543
2017_1137_1436,0.308864225642
2017_1137_1233,0.550005552033
2017_1137_1240,0.646790392025
2017_1137_1300,0.55243276897
2017_1137_1413,0.751406708475
2017_1137_1314,0.0820812204023
2017_1137_1246,0.118515823437
2017_1137_1417,0.160039056065
2017_1137_1139,0.129830780534
2017_1137_1278,0.252794437364
2017_1137_1153,0.132736462044
2017_1137_1173,0.303751126993
2017_1116_1137,0.801319624607
2017_1137_1371,0.370136062619
2017_1137_1455,0.285569393915
2017_1137_1243,0.395887568827
2017_1137_1448,0.357832270475
2017_1137_1292,0.258879434406
2017_1137_1457,0.578872029577
2017_1137_1245,0.46652589126
2017_1137_1297,0.666469102127
2017_1137_1411,0.438965459312
2017_1195_1315,0.712407836009
2017_1195_1355,0.757302268043
2017_1195_1242,0.151286283188
2017_1195_1257,0.119654663225
2017_1195_1332,0.180537350957
2017_1195_1345,0.356414269952
2017_1195_1235,0.269562218169
2017_1166_1195,0.604362923649
2017_1195_1276,0.265965878608
2017_1195_1274,0.33114127392
2017_1195_1277,0.684913424406
2017_1195_1329,0.339893531659
2017_1195_1348,0.420951534275
2017_1195_1305,0.601292502834
2017_1195_1436,0.425552846447
2017_1195_1233,0.670683954775
2017_1195_1240,0.724021431575
2017_1195_1300,0.662087011771
2017_1195_1413,0.818009548162
2017_1195_1314,0.104949638609
2017_1195_1246,0.151133930575
2017_1195_1417,0.219486989111
2017_1139_1195,0.799956883334
2017_1195_1278,0.337651662517
2017_1153_1195,0.803857278145
2017_1173_1195,0.594136783799
2017_1116_1195,0.742639443128
2017_1195_1371,0.467998011112
2017_1195_1455,0.387947461543
2017_1195_1243,0.53133051447
2017_1195_1448,0.462551774382
2017_1195_1292,0.376895619745
2017_1195_1457,0.696818458987
2017_1195_1245,0.553706810657
2017_1195_1297,0.750462291975
2017_1195_1411,0.545286973067
2017_1315_1355,0.589495818922
2017_1242_1315,0.89477902958
2017_1257_1315,0.914321514507
2017_1315_1332,0.110990704188
2017_1315_1345,0.23565100027
2017_1235_1315,0.824592302847
2017_1166_1315,0.734011075906
2017_1276_1315,0.813717694048
2017_1274_1315,0.793744765193
2017_1277_1315,0.538240398808
2017_1315_1329,0.185101649637
2017_1315_1348,0.244752511966
2017_1305_1315,0.602917498821
2017_1315_1436,0.25635435535
2017_1233_1315,0.546955733741
2017_1240_1315,0.490700766977
2017_1300_1315,0.560473783383
2017_1315_1413,0.693232154704
2017_1314_1315,0.918853019118
2017_1246_1315,0.898271139285
2017_1315_1417,0.143739790063
2017_1139_1315,0.86383425753
2017_1278_1315,0.813334375657
2017_1153_1315,0.870904461244
2017_1173_1315,0.7360032853
2017_1116_1315,0.847257569637
2017_1315_1371,0.287226240505
2017_1315_1455,0.222525880275
2017_1243_1315,0.665592245879
2017_1315_1448,0.274507288774
2017_1292_1315,0.761451912439
2017_1315_1457,0.510354960519
2017_1245_1315,0.670367067103
2017_1297_1315,0.456299705959
2017_1315_1411,0.358602622373
2017_1242_1355,0.908447306949
2017_1257_1355,0.921558879122
2017_1332_1355,0.897026589036
2017_1345_1355,0.784394547326
2017_1235_1355,0.860396773753
2017_1166_1355,0.777383950964
2017_1276_1355,0.847863555544
2017_1274_1355,0.838050191461
2017_1277_1355,0.583831526634
2017_1329_1355,0.844636192104
2017_1348_1355,0.797660551739
2017_1305_1355,0.653731808434
2017_1355_1436,0.218393264756
2017_1233_1355,0.617578713404
2017_1240_1355,0.538248632473
2017_1300_1355,0.62765977307
2017_1355_1413,0.633097353139
2017_1314_1355,0.926402405986
2017_1246_1355,0.904647008933
2017_1355_1417,0.13189387977
2017_1139_1355,0.890061997956
2017_1278_1355,0.835505305753
2017_1153_1355,0.893351851259
2017_1173_1355,0.792302462901
2017_1116_1355,0.867466726808
2017_1355_1371,0.247043773071
2017_1355_1455,0.200359112758
2017_1243_1355,0.736819769476
2017_1355_1448,0.230865729783
2017_1292_1355,0.812126378837
2017_1355_1457,0.447274015458
2017_1245_1355,0.71218854002
2017_1297_1355,0.516797615376
2017_1355_1411,0.313280206874
2017_1242_1257,0.426748816098
2017_1242_1332,0.561500110276
2017_1242_1345,0.771777200425
2017_1235_1242,0.326056577674
2017_1166_1242,0.21866101353
2017_1242_1276,0.63360684699
2017_1242_1274,0.72667498204
2017_1242_1277,0.902305722607
2017_1242_1329,0.731541122081
2017_1242_1348,0.769247593621
2017_1242_1305,0.871792132556
2017_1242_1436,0.810634969348
2017_1233_1242,0.100960638464
2017_1240_1242,0.0828901856365
2017_1242_1300,0.8795493758
2017_1242_1413,0.917450894479
2017_1242_1314,0.366300846393
2017_1242_1246,0.509117694503
2017_1242_1417,0.577922598856
2017_1139_1242,0.44139180573
2017_1242_1278,0.730695061095
2017_1153_1242,0.406925269771
2017_1173_1242,0.179663479352
2017_1116_1242,0.323004698924
2017_1242_1371,0.795017793098
2017_1242_1455,0.778651832712
2017_1242_1243,0.847518914099
2017_1242_1448,0.823593012441
2017_1242_1292,0.781575892941
2017_1242_1457,0.884974964005
2017_1242_1245,0.801855791508
2017_1242_1297,0.907363317196
2017_1242_1411,0.800233126834
2017_1257_1332,0.618666734238
2017_1257_1345,0.769987803727
2017_1235_1257,0.299620273411
2017_1166_1257,0.227230838669
2017_1257_1276,0.664536464044
2017_1257_1274,0.783999447258
2017_1257_1277,0.905620939832
2017_1257_1329,0.795907534398
2017_1257_1348,0.840079478919
2017_1257_1305,0.883519291922
2017_1257_1436,0.834572597188
2017_1233_1257,0.0878279260312
2017_1240_1257,0.0730426771989
2017_1257_1300,0.904851817184
2017_1257_1413,0.932110952797
2017_1257_1314,0.437151209312
2017_1246_1257,0.395732719054
2017_1257_1417,0.610082915282
2017_1139_1257,0.385401632573
2017_1257_1278,0.792394391634
2017_1153_1257,0.352537114368
2017_1173_1257,0.169003495206
2017_1116_1257,0.236257958716
2017_1257_1371,0.856375460627
2017_1257_1455,0.817341120629
2017_1243_1257,0.1258863034
2017_1257_1448,0.858511859384
2017_1257_1292,0.810724616536
2017_1257_1457,0.911227832761
2017_1245_1257,0.110173103203
2017_1257_1297,0.920451866556
2017_1257_1411,0.870508465599
2017_1332_1345,0.743350010209
2017_1235_1332,0.381164373884
2017_1166_1332,0.248222262213
2017_1276_1332,0.427044498676
2017_1274_1332,0.29352058017
2017_1277_1332,0.104117062559
2017_1329_1332,0.31390365029
2017_1332_1348,0.743784607772
2017_1305_1332,0.130859583393
2017_1332_1436,0.783579569553
2017_1233_1332,0.114608118111
2017_1240_1332,0.0934864999285
2017_1300_1332,0.117972126825
2017_1332_1413,0.909794794659
2017_1314_1332,0.710428500648
2017_1246_1332,0.527120484891
2017_1332_1417,0.523877856901
2017_1139_1332,0.49667524181
2017_1278_1332,0.302141590934
2017_1153_1332,0.478057148201
2017_1173_1332,0.209287123061
2017_1116_1332,0.358350063394
2017_1332_1371,0.775216669888
2017_1332_1455,0.754928909746
2017_1243_1332,0.162077207028
2017_1332_1448,0.793225488123
2017_1292_1332,0.24343328635
2017_1332_1457,0.867411958185
2017_1245_1332,0.205386427758
2017_1297_1332,0.0906841456466
2017_1332_1411,0.789129157002
2017_1235_1345,0.640086545818
2017_1166_1345,0.480765662256
2017_1276_1345,0.64696081899
2017_1274_1345,0.509765782522
2017_1277_1345,0.21943440122
2017_1329_1345,0.503835031448
2017_1345_1348,0.576533485526
2017_1305_1345,0.286053460553
2017_1345_1436,0.574942004585
2017_1233_1345,0.247264979252
2017_1240_1345,0.192594569102
2017_1300_1345,0.249462044104
2017_1345_1413,0.824710328852
2017_1314_1345,0.843198876575
2017_1246_1345,0.718260699694
2017_1345_1417,0.29798910225
2017_1139_1345,0.69437181178
2017_1278_1345,0.549520627464
2017_1153_1345,0.712896516125
2017_1173_1345,0.44248211483
2017_1116_1345,0.564152712565
2017_1345_1371,0.611330332659
2017_1345_1455,0.529413202483
2017_1243_1345,0.358770368376
2017_1345_1448,0.59661189091
2017_1292_1345,0.474260224538
2017_1345_1457,0.743013836844
2017_1245_1345,0.358352732612
2017_1297_1345,0.184586064854
2017_1345_1411,0.635658266907
2017_1166_1235,0.335898757902
2017_1235_1276,0.47705777506
2017_1235_1274,0.588702572148
2017_1235_1277,0.852017236186
2017_1235_1329,0.588142442185
2017_1235_1348,0.652074840259
2017_1235_1305,0.805410451289
2017_1235_1436,0.703495071306
2017_1233_1235,0.15970413647
2017_1235_1240,0.862140995143
2017_1235_1300,0.811094005564
2017_1235_1413,0.880340348611
2017_1235_1314,0.237704316123
2017_1235_1246,0.361223027646
2017_1235_1417,0.42650234443
2017_1139_1235,0.614173417859
2017_1235_1278,0.588465488541
2017_1153_1235,0.611299433883
2017_1173_1235,0.292502451486
2017_1116_1235,0.473276159345
2017_1235_1371,0.681038421903
2017_1235_1455,0.649711762659
2017_1235_1243,0.75215428271
2017_1235_1448,0.709866241668
2017_1235_1292,0.655134558188
2017_1235_1457,0.812372475841
2017_1235_1245,0.70506898002
2017_1235_1297,0.860967340272
2017_1235_1411,0.704576487893
2017_1166_1276,0.293956070563
2017_1166_1274,0.467217041119
2017_1166_1277,0.772085161565
2017_1166_1329,0.486135961791
2017_1166_1348,0.539442341242
2017_1166_1305,0.693084511843
2017_1166_1436,0.539324218237
2017_1166_1233,0.725152421842
2017_1166_1240,0.77979503024
2017_1166_1300,0.708022689647
2017_1166_1413,0.818565124228
2017_1166_1314,0.162492754059
2017_1166_1246,0.260765085939
2017_1166_1417,0.278939395726
2017_1139_1166,0.734275161504
2017_1166_1278,0.453791508618
2017_1153_1166,0.748625544734
2017_1166_1173,0.541314980907
2017_1116_1166,0.61779342733
2017_1166_1371,0.584007527549
2017_1166_1455,0.503600159454
2017_1166_1243,0.623144796117
2017_1166_1448,0.570972701241
2017_1166_1292,0.483465730532
2017_1166_1457,0.716236674405
2017_1166_1245,0.622090042535
2017_1166_1297,0.784665670838
2017_1166_1411,0.606599202733
2017_1274_1276,0.374396071514
2017_1276_1277,0.833725337975
2017_1276_1329,0.624240619768
2017_1276_1348,0.667302336778
2017_1276_1305,0.781152461785
2017_1276_1436,0.716895129339
2017_1233_1276,0.174634352494
2017_1240_1276,0.134031773151
2017_1276_1300,0.804944659385
2017_1276_1413,0.877248682338
2017_1276_1314,0.30707783933
2017_1246_1276,0.58864063458
2017_1276_1417,0.463781605755
2017_1139_1276,0.570921821053
2017_1276_1278,0.591003457404
2017_1153_1276,0.606068622345
2017_1173_1276,0.287220800826
2017_1116_1276,0.444907696686
2017_1276_1371,0.711814938905
2017_1276_1455,0.65479935476
2017_1243_1276,0.218684403331
2017_1276_1448,0.702722655511
2017_1276_1292,0.678634697932
2017_1276_1457,0.79336758599
2017_1245_1276,0.312440611311
2017_1276_1297,0.85457847736
2017_1276_1411,0.722134446527
2017_1274_1277,0.779722431562
2017_1274_1329,0.501808569834
2017_1274_1348,0.57462257472
2017_1274_1305,0.707916099109
2017_1274_1436,0.606290296695
2017_1233_1274,0.22854648671
2017_1240_1274,0.17612556547
2017_1274_1300,0.774194348951
2017_1274_1413,0.875102872761
2017_1274_1314,0.180973583936
2017_1246_1274,0.694420290425
2017_1274_1417,0.341049252782
2017_1139_1274,0.702736827839
2017_1274_1278,0.492256459299
2017_1153_1274,0.677144283968
2017_1173_1274,0.419092449788
2017_1116_1274,0.552908688179
2017_1274_1371,0.634061988034
2017_1274_1455,0.541970638151
2017_1243_1274,0.323485629709
2017_1274_1448,0.622085827497
2017_1274_1292,0.544072536436
2017_1274_1457,0.778696678221
2017_1245_1274,0.319373260673
2017_1274_1297,0.833691336846
2017_1274_1411,0.679523552678
2017_1277_1329,0.23533650826
2017_1277_1348,0.279481171799
2017_1277_1305,0.410098054882
2017_1277_1436,0.266548342719
2017_1233_1277,0.566057154493
2017_1240_1277,0.461080343474
2017_1277_1300,0.477114787054
2017_1277_1413,0.674960786881
2017_1277_1314,0.0686172026378
2017_1246_1277,0.887892995628
2017_1277_1417,0.119772133752
2017_1139_1277,0.867397374379
2017_1277_1278,0.204129826776
2017_1153_1277,0.879139473711
2017_1173_1277,0.762751415718
2017_1116_1277,0.824831237716
2017_1277_1371,0.348068241392
2017_1277_1455,0.234813751901
2017_1243_1277,0.687090451349
2017_1277_1448,0.281121805482
2017_1277_1292,0.231303339989
2017_1277_1457,0.505935790918
2017_1245_1277,0.634978619347
2017_1277_1297,0.585071955798
2017_1277_1411,0.420561608161
2017_1329_1348,0.614013713581
2017_1305_1329,0.281907900089
2017_1329_1436,0.59597108952
2017_1233_1329,0.219372023923
2017_1240_1329,0.190323827051
2017_1300_1329,0.22137391513
2017_1329_1413,0.878692565575
2017_1314_1329,0.801859618651
2017_1246_1329,0.731662682237
2017_1329_1417,0.349697563077
2017_1139_1329,0.680054889241
2017_1278_1329,0.509580633758
2017_1153_1329,0.654003386117
2017_1173_1329,0.426309556853
2017_1116_1329,0.569475396034
2017_1329_1371,0.641233825649
2017_1329_1455,0.561073348782
2017_1243_1329,0.330902969255
2017_1329_1448,0.657379672875
2017_1292_1329,0.462085786548
2017_1329_1457,0.819466991759
2017_1245_1329,0.294262602855
2017_1297_1329,0.165315905363
2017_1329_1411,0.685043041337
2017_1305_1348,0.341006492153
2017_1348_1436,0.511587222556
2017_1233_1348,0.289913495003
2017_1240_1348,0.23486361559
2017_1300_1348,0.276235816789
2017_1348_1413,0.850846859143
2017_1314_1348,0.844313622436
2017_1246_1348,0.786653090912
2017_1348_1417,0.273792840215
2017_1139_1348,0.732319042907
2017_1278_1348,0.5914451521
2017_1153_1348,0.730939386398
2017_1173_1348,0.500872442988
2017_1116_1348,0.667886863088
2017_1348_1371,0.555849506223
2017_1348_1455,0.470418260735
2017_1243_1348,0.400516615377
2017_1348_1448,0.558685266511
2017_1292_1348,0.546173246528
2017_1348_1457,0.763143814906
2017_1245_1348,0.374478323886
2017_1297_1348,0.203459852819
2017_1348_1411,0.634344475185
2017_1305_1436,0.341002189523
2017_1233_1305,0.458858337236
2017_1240_1305,0.370920344515
2017_1300_1305,0.443508969217
2017_1305_1413,0.718634655783
2017_1305_1314,0.0818099754732
2017_1246_1305,0.865508504947
2017_1305_1417,0.150176973293
2017_1139_1305,0.824267257618
2017_1278_1305,0.755298286389
2017_1153_1305,0.849736295453
2017_1173_1305,0.681971784971
2017_1116_1305,0.775764653755
2017_1305_1371,0.382870440053
2017_1305_1455,0.289924241294
2017_1243_1305,0.584914031112
2017_1305_1448,0.361552308423
2017_1292_1305,0.710394420086
2017_1305_1457,0.590251753141
2017_1245_1305,0.534903444325
2017_1297_1305,0.343547490615
2017_1305_1411,0.475990198874
2017_1233_1436,0.290080095324
2017_1240_1436,0.222387631011
2017_1300_1436,0.290653104795
2017_1413_1436,0.14985495566
2017_1314_1436,0.866945899958
2017_1246_1436,0.772865907608
2017_1417_1436,0.70192216985
2017_1139_1436,0.777501122503
2017_1278_1436,0.605332613386
2017_1153_1436,0.781482357177
2017_1173_1436,0.514023346798
2017_1116_1436,0.655196732846
2017_1371_1436,0.483892366068
2017_1436_1455,0.472807228167
2017_1243_1436,0.417972284028
2017_1436_1448,0.546121730846
2017_1292_1436,0.56559542077
2017_1436_1457,0.713103614317
2017_1245_1436,0.423913500337
2017_1297_1436,0.209207057659
2017_1411_1436,0.418707088299
2017_1233_1240,0.585989722444
2017_1233_1300,0.504390364632
2017_1233_1413,0.706189243278
2017_1233_1314,0.0726575848376
2017_1233_1246,0.103810484509
2017_1233_1417,0.141749496556
2017_1139_1233,0.85018266806
2017_1233_1278,0.216674953432
2017_1153_1233,0.867084731571
2017_1173_1233,0.719581084726
2017_1116_1233,0.821710290935
2017_1233_1371,0.332344721326
2017_1233_1455,0.246300248492
2017_1233_1243,0.353607764414
2017_1233_1448,0.307104521079
2017_1233_1292,0.242957711961
2017_1233_1457,0.549335312044
2017_1233_1245,0.425954082448
2017_1233_1297,0.614728834778
2017_1233_1411,0.413356979737
2017_1240_1300,0.424378219651
2017_1240_1413,0.656952943502
2017_1240_1314,0.0644772065294
2017_1240_1246,0.0893045620748
2017_1240_1417,0.127167081483
2017_1139_1240,0.889218181342
2017_1240_1278,0.176493587265
2017_1153_1240,0.892678250677
2017_1173_1240,0.788966703835
2017_1116_1240,0.848540019366
2017_1240_1371,0.272730032279
2017_1240_1455,0.212999193787
2017_1240_1243,0.311213880437
2017_1240_1448,0.250827453484
2017_1240_1292,0.19383228382
2017_1240_1457,0.46414614177
2017_1240_1245,0.352390318274
2017_1240_1297,0.541208655297
2017_1240_1411,0.341328290192
2017_1300_1413,0.721089622638
2017_1300_1314,0.0750017567804
2017_1246_1300,0.881591535886
2017_1300_1417,0.158330102452
2017_1139_1300,0.85608500167
2017_1278_1300,0.789839049848
2017_1153_1300,0.863914593989
2017_1173_1300,0.715067326067
2017_1116_1300,0.82362603004
2017_1300_1371,0.310287034718
2017_1300_1455,0.252304811942
2017_1243_1300,0.634744357709
2017_1300_1448,0.313976776369
2017_1292_1300,0.743456207855
2017_1300_1457,0.550020487767
2017_1245_1300,0.607848783035
2017_1297_1300,0.388357234787
2017_1300_1411,0.395345364562
2017_1314_1413,0.930651677962
2017_1246_1413,0.919259909713
2017_1413_1417,0.104658076514
2017_1139_1413,0.909312181633
2017_1278_1413,0.870127256506
2017_1153_1413,0.909795608501
2017_1173_1413,0.835656635073
2017_1116_1413,0.896564438987
2017_1371_1413,0.844478885223
2017_1413_1455,0.138757750229
2017_1243_1413,0.799935340562
2017_1413_1448,0.162116364675
2017_1292_1413,0.851410625044
2017_1413_1457,0.314702504842
2017_1245_1413,0.787152867246
2017_1297_1413,0.631003289731
2017_1411_1413,0.795249098504
2017_1246_1314,0.35219572655
2017_1314_1417,0.717222794919
2017_1139_1314,0.337803130273
2017_1278_1314,0.182301576946
2017_1153_1314,0.292386720764
2017_1173_1314,0.131438745628
2017_1116_1314,0.219491800803
2017_1314_1371,0.845953490567
2017_1314_1455,0.856433305205
2017_1243_1314,0.10619068775
2017_1314_1448,0.88151500291
2017_1292_1314,0.148096544547
2017_1314_1457,0.915764184918
2017_1245_1314,0.117072889054
2017_1297_1314,0.0608931283344
2017_1314_1411,0.849953038774
2017_1246_1417,0.539640988155
2017_1139_1246,0.458122199954
2017_1246_1278,0.737490827463
2017_1153_1246,0.436364359389
2017_1173_1246,0.212569788884
2017_1116_1246,0.318091883538
2017_1246_1371,0.799212296107
2017_1246_1455,0.779384595272
2017_1243_1246,0.166872370116
2017_1246_1448,0.826827619798
2017_1246_1292,0.744566868228
2017_1246_1457,0.896445419882
2017_1245_1246,0.149380654979
2017_1246_1297,0.90405230274
2017_1246_1411,0.822742194087
2017_1139_1417,0.508403514518
2017_1278_1417,0.335323914546
2017_1153_1417,0.51050330034
2017_1173_1417,0.257852402827
2017_1116_1417,0.382411680131
2017_1371_1417,0.271559312264
2017_1417_1455,0.717938087978
2017_1243_1417,0.214299582148
2017_1417_1448,0.743610043666
2017_1292_1417,0.291414773199
2017_1417_1457,0.82063059866
2017_1245_1417,0.24776610758
2017_1297_1417,0.124239112934
2017_1411_1417,0.234906269847
2017_1139_1278,0.668812540184
2017_1139_1153,0.540205867692
2017_1139_1173,0.76897166076
2017_1116_1139,0.386539474912
2017_1139_1371,0.777035488278
2017_1139_1455,0.711628542405
2017_1139_1243,0.823440902852
2017_1139_1448,0.762626244074
2017_1139_1292,0.741548948488
2017_1139_1457,0.851289272321
2017_1139_1245,0.776396367307
2017_1139_1297,0.890954684035
2017_1139_1411,0.790893742253
2017_1153_1278,0.681009704886
2017_1173_1278,0.415215513128
2017_1116_1278,0.57812112139
2017_1278_1371,0.633721248486
2017_1278_1455,0.577660622631
2017_1243_1278,0.331447098019
2017_1278_1448,0.64490661225
2017_1278_1292,0.572698938056
2017_1278_1457,0.810510188607
2017_1245_1278,0.297408832353
2017_1278_1297,0.834119832917
2017_1278_1411,0.69628597574
2017_1153_1173,0.777664987207
2017_1116_1153,0.375845595944
2017_1153_1371,0.752481013596
2017_1153_1455,0.729483966473
2017_1153_1243,0.818266646728
2017_1153_1448,0.776309480241
2017_1153_1292,0.74395848667
2017_1153_1457,0.86335950418
2017_1153_1245,0.770256149865
2017_1153_1297,0.893888154267
2017_1153_1411,0.782259926426
2017_1116_1173,0.660567426193
2017_1173_1371,0.552230019423
2017_1173_1455,0.469534137762
2017_1173_1243,0.5969890245
2017_1173_1448,0.550843086799
2017_1173_1292,0.449938706217
2017_1173_1457,0.720712310135
2017_1173_1245,0.607807118371
2017_1173_1297,0.79426028086
2017_1173_1411,0.596048683322
2017_1116_1371,0.699993107145
2017_1116_1455,0.619911788258
2017_1116_1243,0.720360669969
2017_1116_1448,0.704938049947
2017_1116_1292,0.608587139844
2017_1116_1457,0.845358901752
2017_1116_1245,0.761361949744
2017_1116_1297,0.864258244882
2017_1116_1411,0.747684539293
2017_1371_1455,0.429486008405
2017_1243_1371,0.453511786802
2017_1371_1448,0.520505262349
2017_1292_1371,0.583639612714
2017_1371_1457,0.735104531942
2017_1245_1371,0.422615820517
2017_1297_1371,0.229770529933
2017_1371_1411,0.585427601575
2017_1243_1455,0.376204353977
2017_1448_1455,0.433413926605
2017_1292_1455,0.51144503027
2017_1455_1457,0.766695480722
2017_1245_1455,0.351293696752
2017_1297_1455,0.189412839399
2017_1411_1455,0.346427130663
2017_1243_1448,0.457764274628
2017_1243_1292,0.350086212038
2017_1243_1457,0.650109961524
2017_1243_1245,0.521289613469
2017_1243_1297,0.734417214056
2017_1243_1411,0.505148197934
2017_1292_1448,0.590941116149
2017_1448_1457,0.726257280354
2017_1245_1448,0.425009603933
2017_1297_1448,0.232985698099
2017_1411_1448,0.424421736174
2017_1292_1457,0.747854479953
2017_1245_1292,0.378667510765
2017_1292_1297,0.812157243666
2017_1292_1411,0.628631611508
2017_1245_1457,0.66923518216
2017_1297_1457,0.443231031783
2017_1411_1457,0.655395067139
2017_1245_1297,0.696135872485
2017_1245_1411,0.499894896958
2017_1297_1411,0.305604393195
